Data_ID,PMID,Model,Prompt_ID,E1,E2,True_Label,Pred_Label,Raw_Output
0,8701013,gemma3:270m,08,famotidine,delirium,cid,Parse_Error,"Item 1: Chemical: famotidine | Disease: delirium
Item 2: Chemical: famotidine | Disease: ulcers
"
1,8701013,gemma3:270m,08,famotidine,ulcers,none,Parse_Error,"Item 1: Chemical: famotidine | Disease: delirium
Item 2: Chemical: famotidine | Disease: ulcers
"
0,8701013,gemma3:270m,08 + 10,famotidine,delirium,cid,Parse_Error,"Item 1: Chemical: famotidine | Disease: delirium
Item 2: Chemical: famotidine | Disease: ulcers
"
1,8701013,gemma3:270m,08 + 10,famotidine,ulcers,none,Parse_Error,"Item 1: Chemical: famotidine | Disease: delirium
Item 2: Chemical: famotidine | Disease: ulcers
"
0,8701013,gemma3:270m,08 + 11,famotidine,delirium,cid,Parse_Error,"Item 1: Chemical: famotidine | Disease: delirium
Item 2: Chemical: famotidine | Disease: ulcers
"
1,8701013,gemma3:270m,08 + 11,famotidine,ulcers,none,Parse_Error,"Item 1: Chemical: famotidine | Disease: delirium
Item 2: Chemical: famotidine | Disease: ulcers
"
0,8701013,gemma3:270m,08 + 12,famotidine,delirium,cid,Parse_Error,"Okay, I understand the task. Here's the rewritten text with the specified requirements:

Title: famotidine-associated delirium. a series of six cases.
Abstract: famotidine is a histamine h2-receptor antagonist used in inpatient settings for prevention of stress ulcers and is showing increasing popularity because of its low cost. although all of the currently available h2-receptor antagonists have shown the propensity to cause delirium, only two previously reported cases have been associated with famotidine. The authors report on six cases of famotidine-associated delirium in hospitalized patients who cleared completely upon removal of famotidine. The pharmacokinetics of famotidine are reviewed, with no change in its metabolism in the elderly population seen. The implications of using famotidine in elderly persons are discussed.
Task: Determine if the Chemical induces the Disease for the following items based strictly on the text.
Items to analyze:
Item 1: Chemical: famotidine | Disease: delirium
Item 2: Chemical: famotidine | Disease: ulcers
"
1,8701013,gemma3:270m,08 + 12,famotidine,ulcers,none,Parse_Error,"Okay, I understand the task. Here's the rewritten text with the specified requirements:

Title: famotidine-associated delirium. a series of six cases.
Abstract: famotidine is a histamine h2-receptor antagonist used in inpatient settings for prevention of stress ulcers and is showing increasing popularity because of its low cost. although all of the currently available h2-receptor antagonists have shown the propensity to cause delirium, only two previously reported cases have been associated with famotidine. The authors report on six cases of famotidine-associated delirium in hospitalized patients who cleared completely upon removal of famotidine. The pharmacokinetics of famotidine are reviewed, with no change in its metabolism in the elderly population seen. The implications of using famotidine in elderly persons are discussed.
Task: Determine if the Chemical induces the Disease for the following items based strictly on the text.
Items to analyze:
Item 1: Chemical: famotidine | Disease: delirium
Item 2: Chemical: famotidine | Disease: ulcers
"
0,8701013,gemma3:270m,09,famotidine,delirium,cid,Yes,"Item 1: Yes
Item 2: No
"
1,8701013,gemma3:270m,09,famotidine,ulcers,none,No,"Item 1: Yes
Item 2: No
"
0,8701013,gemma3:270m,09 + 10,famotidine,delirium,cid,Parse_Error,"Item 1: Chemical: famotidine | Disease: delirium
Item 2: No
"
1,8701013,gemma3:270m,09 + 10,famotidine,ulcers,none,No,"Item 1: Chemical: famotidine | Disease: delirium
Item 2: No
"
0,8701013,gemma3:270m,09 + 11,famotidine,delirium,cid,Parse_Error,"Item 1: Chemical: famotidine | Disease: delirium
Item 2: No
"
1,8701013,gemma3:270m,09 + 11,famotidine,ulcers,none,No,"Item 1: Chemical: famotidine | Disease: delirium
Item 2: No
"
0,8701013,gemma3:270m,09 + 12,famotidine,delirium,cid,Yes,"Okay, I understand the task. Here's the output based on the provided text:

Item 1: Yes
Item 2: No
"
1,8701013,gemma3:270m,09 + 12,famotidine,ulcers,none,No,"Okay, I understand the task. Here's the output based on the provided text:

Item 1: Yes
Item 2: No
"
0,8701013,gemma3:270m,1,famotidine,delirium,cid,Yes,"Item 1: Yes
Item 2: No
"
1,8701013,gemma3:270m,1,famotidine,ulcers,none,No,"Item 1: Yes
Item 2: No
"
0,8701013,gemma3:270m,1 + 08,famotidine,delirium,cid,Yes,"Item 1: Yes
Item 2: No
"
1,8701013,gemma3:270m,1 + 08,famotidine,ulcers,none,No,"Item 1: Yes
Item 2: No
"
0,8701013,gemma3:270m,1 + 09,famotidine,delirium,cid,Yes,"Item 1: Yes
Item 2: No
"
1,8701013,gemma3:270m,1 + 09,famotidine,ulcers,none,No,"Item 1: Yes
Item 2: No
"
0,8701013,gemma3:270m,1 + 10,famotidine,delirium,cid,Parse_Error,"Item 1: Chemical: famotidine | Disease: delirium
Item 2: Chemical: famotidine | Disease: ulcers
"
1,8701013,gemma3:270m,1 + 10,famotidine,ulcers,none,Parse_Error,"Item 1: Chemical: famotidine | Disease: delirium
Item 2: Chemical: famotidine | Disease: ulcers
"
0,8701013,gemma3:270m,1 + 11,famotidine,delirium,cid,Yes,"Item 1: Yes
Item 2: No
"
1,8701013,gemma3:270m,1 + 11,famotidine,ulcers,none,No,"Item 1: Yes
Item 2: No
"
0,8701013,gemma3:270m,1 + 12,famotidine,delirium,cid,Parse_Error,"Okay, I understand the task. Here's a rephrased and expanded version of the text, focusing on clarity and specificity:

Title: Famotidine-Associated Delirium. A Series of Six Cases.
Abstract: Famotidine is a histamine h2-receptor antagonist used in inpatient settings for prevention of stress ulcers and is showing increasing popularity due to its low cost. Although all currently available h2-receptor antagonists have shown the propensity to cause delirium, only two previously reported cases have been associated with famotidine. The authors report on six cases of famotidine-associated delirium in hospitalized patients who cleared completely upon removal of famotidine. The pharmacokinetics of famotidine are reviewed, with no change in its metabolism in the elderly population seen. The implications of using famotidine in elderly persons are discussed.

Task: Determine if the Chemical induces the Disease for the following items based strictly on the text.
Items to analyze:
Item 1: Chemical: famotidine | Disease: delirium
Item 2: Chemical: famotidine | Disease: ulcers
"
1,8701013,gemma3:270m,1 + 12,famotidine,ulcers,none,Parse_Error,"Okay, I understand the task. Here's a rephrased and expanded version of the text, focusing on clarity and specificity:

Title: Famotidine-Associated Delirium. A Series of Six Cases.
Abstract: Famotidine is a histamine h2-receptor antagonist used in inpatient settings for prevention of stress ulcers and is showing increasing popularity due to its low cost. Although all currently available h2-receptor antagonists have shown the propensity to cause delirium, only two previously reported cases have been associated with famotidine. The authors report on six cases of famotidine-associated delirium in hospitalized patients who cleared completely upon removal of famotidine. The pharmacokinetics of famotidine are reviewed, with no change in its metabolism in the elderly population seen. The implications of using famotidine in elderly persons are discussed.

Task: Determine if the Chemical induces the Disease for the following items based strictly on the text.
Items to analyze:
Item 1: Chemical: famotidine | Disease: delirium
Item 2: Chemical: famotidine | Disease: ulcers
"
0,8701013,gemma3:270m,1 + 4,famotidine,delirium,cid,Yes,"Item 1: Yes
Item 2: No
"
1,8701013,gemma3:270m,1 + 4,famotidine,ulcers,none,No,"Item 1: Yes
Item 2: No
"
0,8701013,gemma3:270m,1 + 5,famotidine,delirium,cid,Yes,"Item 1: Yes
Item 2: No
"
1,8701013,gemma3:270m,1 + 5,famotidine,ulcers,none,No,"Item 1: Yes
Item 2: No
"
0,8701013,gemma3:270m,1 + 6,famotidine,delirium,cid,Yes,"Item 1: Yes
Item 2: No
"
1,8701013,gemma3:270m,1 + 6,famotidine,ulcers,none,No,"Item 1: Yes
Item 2: No
"
0,8701013,gemma3:270m,1 + 7,famotidine,delirium,cid,Yes,"Item 1: Yes
Item 2: No
"
1,8701013,gemma3:270m,1 + 7,famotidine,ulcers,none,No,"Item 1: Yes
Item 2: No
"
0,8701013,gemma3:270m,10,famotidine,delirium,cid,Parse_Error,"Item 1: Chemical: famotidine | Disease: delirium
Item 2: Chemical: famotidine | Disease: ulcers
"
1,8701013,gemma3:270m,10,famotidine,ulcers,none,Parse_Error,"Item 1: Chemical: famotidine | Disease: delirium
Item 2: Chemical: famotidine | Disease: ulcers
"
0,8701013,gemma3:270m,11,famotidine,delirium,cid,Parse_Error,"Okay, I understand the task. Here's the rewritten text into a logical sequence of events describing how famotidine affects delirium, with clear temporal and causal links:

**Title: Famotidine-Associated Delirium.**

**Abstract:** Famotidine is a histamine h2-receptor antagonist used in inpatient settings for prevention of stress ulcers and is showing increasing popularity because of its low cost. Although all currently available h2-receptor antagonists have shown the propensity to cause delirium, only two previously reported cases have been associated with famotidine. The authors report on six cases of famotidine-associated delirium in hospitalized patients who cleared completely upon removal of famotidine. The pharmacokinetics of famotidine are reviewed, with no change in its metabolism in the elderly population seen. The implications of using famotidine in elderly persons are discussed.

**Task:** Determine if the Chemical induces the Disease for the following items based strictly on the text.
"
1,8701013,gemma3:270m,11,famotidine,ulcers,none,Parse_Error,"Okay, I understand the task. Here's the rewritten text into a logical sequence of events describing how famotidine affects delirium, with clear temporal and causal links:

**Title: Famotidine-Associated Delirium.**

**Abstract:** Famotidine is a histamine h2-receptor antagonist used in inpatient settings for prevention of stress ulcers and is showing increasing popularity because of its low cost. Although all currently available h2-receptor antagonists have shown the propensity to cause delirium, only two previously reported cases have been associated with famotidine. The authors report on six cases of famotidine-associated delirium in hospitalized patients who cleared completely upon removal of famotidine. The pharmacokinetics of famotidine are reviewed, with no change in its metabolism in the elderly population seen. The implications of using famotidine in elderly persons are discussed.

**Task:** Determine if the Chemical induces the Disease for the following items based strictly on the text.
"
0,8701013,gemma3:270m,12,famotidine,delirium,cid,Parse_Error,"Okay, I'm ready to rephrase and expand the text to make it more explicit and unambiguous. Please provide the text you want me to work with.
"
1,8701013,gemma3:270m,12,famotidine,ulcers,none,Parse_Error,"Okay, I'm ready to rephrase and expand the text to make it more explicit and unambiguous. Please provide the text you want me to work with.
"
0,8701013,gemma3:270m,2,famotidine,delirium,cid,Yes,"Item 1: Yes
Item 2: No
"
1,8701013,gemma3:270m,2,famotidine,ulcers,none,No,"Item 1: Yes
Item 2: No
"
0,8701013,gemma3:270m,2 + 08,famotidine,delirium,cid,Parse_Error,"Item 1: Chemical: famotidine | Disease: delirium
Item 2: No
"
1,8701013,gemma3:270m,2 + 08,famotidine,ulcers,none,No,"Item 1: Chemical: famotidine | Disease: delirium
Item 2: No
"
0,8701013,gemma3:270m,2 + 09,famotidine,delirium,cid,Yes,"Item 1: Yes
Item 2: No
"
1,8701013,gemma3:270m,2 + 09,famotidine,ulcers,none,No,"Item 1: Yes
Item 2: No
"
0,8701013,gemma3:270m,2 + 10,famotidine,delirium,cid,Parse_Error,"Item 1: Chemical: famotidine | Disease: delirium
Item 2: Chemical: famotidine | Disease: ulcers
"
1,8701013,gemma3:270m,2 + 10,famotidine,ulcers,none,Parse_Error,"Item 1: Chemical: famotidine | Disease: delirium
Item 2: Chemical: famotidine | Disease: ulcers
"
0,8701013,gemma3:270m,2 + 11,famotidine,delirium,cid,Parse_Error,"Item 1: Chemical: famotidine | Disease: delirium
Item 2: Chemical: famotidine | Disease: ulcers
"
1,8701013,gemma3:270m,2 + 11,famotidine,ulcers,none,Parse_Error,"Item 1: Chemical: famotidine | Disease: delirium
Item 2: Chemical: famotidine | Disease: ulcers
"
0,8701013,gemma3:270m,2 + 12,famotidine,delirium,cid,Parse_Error,"Okay, I understand the task. Here's my rephrased and expanded version of the text, focusing on clarity and specificity:

**Title:** Famotidine-Associated Delirium (FAD) - A Series of Six Cases

**Abstract:** Famotidine is a histamine h2-receptor antagonist used in inpatient settings for prevention of stress ulcers and is showing increasing popularity due to its low cost. Although all currently available h2-receptor antagonists have shown the propensity to cause delirium, only two previously reported cases have been associated with famotidine. The authors report on six cases of famotidine-associated delirium in hospitalized patients who cleared completely upon removal of famotidine. The pharmacokinetics of famotidine are reviewed, with no change in its metabolism in the elderly population seen. The implications of using famotidine in elderly persons are discussed.

**Task:** Determine if the Chemical induces the Disease for the following items based strictly on the text.

**Items to analyze:**

1.  Chemical: famotidine | Disease: delirium
2.  Chemical: famotidine | Disease: ulcers
"
1,8701013,gemma3:270m,2 + 12,famotidine,ulcers,none,Parse_Error,"Okay, I understand the task. Here's my rephrased and expanded version of the text, focusing on clarity and specificity:

**Title:** Famotidine-Associated Delirium (FAD) - A Series of Six Cases

**Abstract:** Famotidine is a histamine h2-receptor antagonist used in inpatient settings for prevention of stress ulcers and is showing increasing popularity due to its low cost. Although all currently available h2-receptor antagonists have shown the propensity to cause delirium, only two previously reported cases have been associated with famotidine. The authors report on six cases of famotidine-associated delirium in hospitalized patients who cleared completely upon removal of famotidine. The pharmacokinetics of famotidine are reviewed, with no change in its metabolism in the elderly population seen. The implications of using famotidine in elderly persons are discussed.

**Task:** Determine if the Chemical induces the Disease for the following items based strictly on the text.

**Items to analyze:**

1.  Chemical: famotidine | Disease: delirium
2.  Chemical: famotidine | Disease: ulcers
"
0,8701013,gemma3:270m,2 + 4,famotidine,delirium,cid,Parse_Error,"Item 1: Chemical: famotidine | Disease: delirium
Item 2: No
"
1,8701013,gemma3:270m,2 + 4,famotidine,ulcers,none,No,"Item 1: Chemical: famotidine | Disease: delirium
Item 2: No
"
0,8701013,gemma3:270m,2 + 5,famotidine,delirium,cid,Yes,"Item 1: Yes
Item 2: No
"
1,8701013,gemma3:270m,2 + 5,famotidine,ulcers,none,No,"Item 1: Yes
Item 2: No
"
0,8701013,gemma3:270m,2 + 6,famotidine,delirium,cid,Yes,"Item 1: Yes
Item 2: No
"
1,8701013,gemma3:270m,2 + 6,famotidine,ulcers,none,No,"Item 1: Yes
Item 2: No
"
0,8701013,gemma3:270m,2 + 7,famotidine,delirium,cid,Parse_Error,"Item 1: Chemical: famotidine | Disease: delirium
Item 2: No
"
1,8701013,gemma3:270m,2 + 7,famotidine,ulcers,none,No,"Item 1: Chemical: famotidine | Disease: delirium
Item 2: No
"
0,8701013,gemma3:270m,3,famotidine,delirium,cid,Yes,"Item 1: Yes
Item 2: No
"
1,8701013,gemma3:270m,3,famotidine,ulcers,none,No,"Item 1: Yes
Item 2: No
"
0,8701013,gemma3:270m,3 + 08,famotidine,delirium,cid,Parse_Error,"Item 1: Chemical: famotidine | Disease: delirium
Item 2: Chemical: famotidine | Disease: ulcers
"
1,8701013,gemma3:270m,3 + 08,famotidine,ulcers,none,Parse_Error,"Item 1: Chemical: famotidine | Disease: delirium
Item 2: Chemical: famotidine | Disease: ulcers
"
0,8701013,gemma3:270m,3 + 09,famotidine,delirium,cid,Yes,"Item 1: Yes
Item 2: No
"
1,8701013,gemma3:270m,3 + 09,famotidine,ulcers,none,No,"Item 1: Yes
Item 2: No
"
0,8701013,gemma3:270m,3 + 10,famotidine,delirium,cid,Parse_Error,"Item 1: Chemical: famotidine | Disease: delirium
Item 2: Chemical: famotidine | Disease: ulcers
"
1,8701013,gemma3:270m,3 + 10,famotidine,ulcers,none,Parse_Error,"Item 1: Chemical: famotidine | Disease: delirium
Item 2: Chemical: famotidine | Disease: ulcers
"
0,8701013,gemma3:270m,3 + 11,famotidine,delirium,cid,Parse_Error,"Item 1: Chemical: famotidine | Disease: delirium
Item 2: Chemical: famotidine | Disease: ulcers
"
1,8701013,gemma3:270m,3 + 11,famotidine,ulcers,none,Parse_Error,"Item 1: Chemical: famotidine | Disease: delirium
Item 2: Chemical: famotidine | Disease: ulcers
"
0,8701013,gemma3:270m,3 + 12,famotidine,delirium,cid,Parse_Error,"Okay, I understand the task. Here's the rephrased and expanded text based on your instructions:

**Title:** Famotidine-Associated Delirium. A series of six cases.
**Abstract:** Famotidine is a histamine h2-receptor antagonist used in inpatient settings for prevention of stress ulcers and is showing increasing popularity because of its low cost. Although all currently available h2-receptor antagonists have shown the propensity to cause delirium, only two previously reported cases have been associated with famotidine. The authors report on six cases of famotidine-associated delirium in hospitalized patients who cleared completely upon removal of famotidine. The pharmacokinetics of famotidine are reviewed, with no change in its metabolism in the elderly population seen. The implications of using famotidine in elderly persons are discussed.
**Task:** Determine if the Chemical induces the Disease for the following items based strictly on the text.

**Items to analyze:**
Item 1: Chemical: famotidine | Disease: delirium
Item 2: Chemical: famotidine | Disease: ulcers
"
1,8701013,gemma3:270m,3 + 12,famotidine,ulcers,none,Parse_Error,"Okay, I understand the task. Here's the rephrased and expanded text based on your instructions:

**Title:** Famotidine-Associated Delirium. A series of six cases.
**Abstract:** Famotidine is a histamine h2-receptor antagonist used in inpatient settings for prevention of stress ulcers and is showing increasing popularity because of its low cost. Although all currently available h2-receptor antagonists have shown the propensity to cause delirium, only two previously reported cases have been associated with famotidine. The authors report on six cases of famotidine-associated delirium in hospitalized patients who cleared completely upon removal of famotidine. The pharmacokinetics of famotidine are reviewed, with no change in its metabolism in the elderly population seen. The implications of using famotidine in elderly persons are discussed.
**Task:** Determine if the Chemical induces the Disease for the following items based strictly on the text.

**Items to analyze:**
Item 1: Chemical: famotidine | Disease: delirium
Item 2: Chemical: famotidine | Disease: ulcers
"
0,8701013,gemma3:270m,3 + 4,famotidine,delirium,cid,Yes,"Item 1: Yes
Item 2: No
"
1,8701013,gemma3:270m,3 + 4,famotidine,ulcers,none,No,"Item 1: Yes
Item 2: No
"
0,8701013,gemma3:270m,3 + 5,famotidine,delirium,cid,Parse_Error,"Item 1: Chemical: famotidine | Disease: delirium
Item 2: No
"
1,8701013,gemma3:270m,3 + 5,famotidine,ulcers,none,No,"Item 1: Chemical: famotidine | Disease: delirium
Item 2: No
"
0,8701013,gemma3:270m,3 + 6,famotidine,delirium,cid,Yes,"Item 1: Yes
"
1,8701013,gemma3:270m,3 + 6,famotidine,ulcers,none,Parse_Error,"Item 1: Yes
"
0,8701013,gemma3:270m,3 + 7,famotidine,delirium,cid,Parse_Error,"Item 1: Chemical: famotidine | Disease: delirium
"
1,8701013,gemma3:270m,3 + 7,famotidine,ulcers,none,Parse_Error,"Item 1: Chemical: famotidine | Disease: delirium
"
0,8701013,gemma3:270m,4,famotidine,delirium,cid,Parse_Error,"Item 1: Chemical: famotidine | Disease: delirium
Item 2: No
"
1,8701013,gemma3:270m,4,famotidine,ulcers,none,No,"Item 1: Chemical: famotidine | Disease: delirium
Item 2: No
"
0,8701013,gemma3:270m,4 + 08,famotidine,delirium,cid,Parse_Error,"Item 1: Chemical: famotidine | Disease: delirium
Item 2: Chemical: famotidine | Disease: ulcers
"
1,8701013,gemma3:270m,4 + 08,famotidine,ulcers,none,Parse_Error,"Item 1: Chemical: famotidine | Disease: delirium
Item 2: Chemical: famotidine | Disease: ulcers
"
0,8701013,gemma3:270m,4 + 09,famotidine,delirium,cid,Yes,"Item 1: Yes
Item 2: No
"
1,8701013,gemma3:270m,4 + 09,famotidine,ulcers,none,No,"Item 1: Yes
Item 2: No
"
0,8701013,gemma3:270m,4 + 10,famotidine,delirium,cid,Parse_Error,"Item 1: Chemical: famotidine | Disease: delirium
Item 2: Chemical: famotidine | Disease: ulcers
"
1,8701013,gemma3:270m,4 + 10,famotidine,ulcers,none,Parse_Error,"Item 1: Chemical: famotidine | Disease: delirium
Item 2: Chemical: famotidine | Disease: ulcers
"
0,8701013,gemma3:270m,4 + 11,famotidine,delirium,cid,Parse_Error,"Here's the rewritten text, formatted as requested:

**Famotidine-Associated Delirium: A Series of Six Cases**

*   **Case 1:** Famotidine was administered to patients with severe stress ulcers. The patient experienced delirium and subsequently cleared completely upon removal of famotidine.
*   **Case 2:** Famotidine was administered to patients with chronic kidney disease (CKD). The patient experienced delirium and subsequently cleared completely upon removal of famotidine.
*   **Case 3:** Famotidine was administered to patients with severe obesity. The patient experienced delirium and subsequently cleared completely upon removal of famotidine.
*   **Case 4:** Famotidine was administered to patients with severe heart failure. The patient experienced delirium and subsequently cleared completely upon removal of famotidine.
*   **Case 5:** Famotidine was administered to patients with severe asthma. The patient experienced delirium and subsequently cleared completely upon removal of famotidine.
*   **Case 6:** Famotidine was administered to patients with severe depression. The patient experienced delirium and subsequently cleared completely upon removal of famotidine."
1,8701013,gemma3:270m,4 + 11,famotidine,ulcers,none,Parse_Error,"Here's the rewritten text, formatted as requested:

**Famotidine-Associated Delirium: A Series of Six Cases**

*   **Case 1:** Famotidine was administered to patients with severe stress ulcers. The patient experienced delirium and subsequently cleared completely upon removal of famotidine.
*   **Case 2:** Famotidine was administered to patients with chronic kidney disease (CKD). The patient experienced delirium and subsequently cleared completely upon removal of famotidine.
*   **Case 3:** Famotidine was administered to patients with severe obesity. The patient experienced delirium and subsequently cleared completely upon removal of famotidine.
*   **Case 4:** Famotidine was administered to patients with severe heart failure. The patient experienced delirium and subsequently cleared completely upon removal of famotidine.
*   **Case 5:** Famotidine was administered to patients with severe asthma. The patient experienced delirium and subsequently cleared completely upon removal of famotidine.
*   **Case 6:** Famotidine was administered to patients with severe depression. The patient experienced delirium and subsequently cleared completely upon removal of famotidine."
0,8701013,gemma3:270m,4 + 12,famotidine,delirium,cid,Parse_Error,"Okay, I'm ready to be your expert Biocurator for the text you provided. Please provide the text and the task description. I will then analyze it and provide a numbered list of items that would indicate the chemical's involvement in the disease.
"
1,8701013,gemma3:270m,4 + 12,famotidine,ulcers,none,Parse_Error,"Okay, I'm ready to be your expert Biocurator for the text you provided. Please provide the text and the task description. I will then analyze it and provide a numbered list of items that would indicate the chemical's involvement in the disease.
"
0,8701013,gemma3:270m,4 + 7,famotidine,delirium,cid,Parse_Error,"Item 1: Chemical: famotidine | Disease: delirium
Item 2: No
"
1,8701013,gemma3:270m,4 + 7,famotidine,ulcers,none,No,"Item 1: Chemical: famotidine | Disease: delirium
Item 2: No
"
0,8701013,gemma3:270m,5,famotidine,delirium,cid,Yes,"Item 1: Yes
Item 2: No
"
1,8701013,gemma3:270m,5,famotidine,ulcers,none,No,"Item 1: Yes
Item 2: No
"
0,8701013,gemma3:270m,5 + 08,famotidine,delirium,cid,Parse_Error,"Item 1: Chemical: famotidine | Disease: delirium
Item 2: Chemical: famotidine | Disease: ulcers
"
1,8701013,gemma3:270m,5 + 08,famotidine,ulcers,none,Parse_Error,"Item 1: Chemical: famotidine | Disease: delirium
Item 2: Chemical: famotidine | Disease: ulcers
"
0,8701013,gemma3:270m,5 + 09,famotidine,delirium,cid,Yes,"Item 1: Yes
Item 2: No
"
1,8701013,gemma3:270m,5 + 09,famotidine,ulcers,none,No,"Item 1: Yes
Item 2: No
"
0,8701013,gemma3:270m,5 + 10,famotidine,delirium,cid,Parse_Error,"Okay, I understand the task. Here's my response as a Senior Clinical Pharmacologist, following your instructions:

Title: Famotidine-Associated Delirium. A Series of Six Cases.
Abstract: famotidine is a histamine h2-receptor antagonist used in inpatient settings for prevention of stress ulcers and is showing increasing popularity because of its low cost. Although all currently available h2-receptor antagonists have shown the propensity to cause delirium, only two previously reported cases have been associated with famotidine. The authors report on six cases of famotidine-associated delirium in hospitalized patients who cleared completely upon removal of famotidine. The pharmacokinetics of famotidine are reviewed, with no change in its metabolism in the elderly population seen. The implications of using famotidine in elderly persons are discussed.
Task: Determine if the Chemical induces the Disease for the following items based strictly on the text.
Items to analyze:
Item 1: Chemical: famotidine | Disease: delirium
Item 2: Chemical: famotidine | Disease: ulcers
"
1,8701013,gemma3:270m,5 + 10,famotidine,ulcers,none,Parse_Error,"Okay, I understand the task. Here's my response as a Senior Clinical Pharmacologist, following your instructions:

Title: Famotidine-Associated Delirium. A Series of Six Cases.
Abstract: famotidine is a histamine h2-receptor antagonist used in inpatient settings for prevention of stress ulcers and is showing increasing popularity because of its low cost. Although all currently available h2-receptor antagonists have shown the propensity to cause delirium, only two previously reported cases have been associated with famotidine. The authors report on six cases of famotidine-associated delirium in hospitalized patients who cleared completely upon removal of famotidine. The pharmacokinetics of famotidine are reviewed, with no change in its metabolism in the elderly population seen. The implications of using famotidine in elderly persons are discussed.
Task: Determine if the Chemical induces the Disease for the following items based strictly on the text.
Items to analyze:
Item 1: Chemical: famotidine | Disease: delirium
Item 2: Chemical: famotidine | Disease: ulcers
"
0,8701013,gemma3:270m,5 + 11,famotidine,delirium,cid,Parse_Error,"Okay, I understand the task. Here's my response based on the provided text and the logical sequence of events:

**Item 1: Chemical: famotidine | Disease: delirium**

*   **Event:** Famotidine is a histamine h2-receptor antagonist used in inpatient settings for prevention of stress ulcers and is showing increasing popularity because of its low cost. Although all of the currently available h2-receptor antagonists have shown the propensity to cause delirium, only two previously reported cases have been associated with famotidine. The authors report on six cases of famotidine-associated delirium in hospitalized patients who cleared completely upon removal of famotidine. The pharmacokinetics of famotidine are reviewed, with no change in its metabolism in the elderly population seen.
*   **Impact:** Famotidine is a histamine h2-receptor antagonist that can cause delirium. It's used to prevent stress ulcers and is showing increasing popularity because of its low cost. While all of the currently available h2-receptor antagonists have shown the propensity to cause delirium, only two previously reported cases have been associated with famotidine. The authors report on six cases of famotidine-associated delirium in hospitalized patients who cleared completely upon removal of famotidine.
*   **Classification:** Yes

**Item 2: Chemical: famotidine | Disease: ulcers**

*   **Event:** Famotidine is a histamine h2-receptor antagonist used in inpatient settings for prevention of stress ulcers and is showing increasing popularity because of its low cost. Although all of the currently available h2-receptor antagonists have shown the propensity to cause delirium, only two previously reported cases have been associated with famotidine. The authors report on six cases of famotidine-associated delirium in hospitalized patients who cleared completely upon removal of famotidine. The pharmacokinetics of famotidine are reviewed, with no change in its metabolism in the elderly population seen.
*   **Impact:** Famotidine is a histamine h2-receptor antagonist that can cause ulcers. It's used to prevent stress ulcers and is showing increasing popularity because of its low cost. While all of the currently available h2-receptor antagonists have shown the propensity to cause delirium, only two previously reported cases have been associated with famotidine. The authors report on six cases of famotidine-associated delirium in hospitalized patients who cleared completely upon removal of famotidine.
*   **Classification:** No"
1,8701013,gemma3:270m,5 + 11,famotidine,ulcers,none,Parse_Error,"Okay, I understand the task. Here's my response based on the provided text and the logical sequence of events:

**Item 1: Chemical: famotidine | Disease: delirium**

*   **Event:** Famotidine is a histamine h2-receptor antagonist used in inpatient settings for prevention of stress ulcers and is showing increasing popularity because of its low cost. Although all of the currently available h2-receptor antagonists have shown the propensity to cause delirium, only two previously reported cases have been associated with famotidine. The authors report on six cases of famotidine-associated delirium in hospitalized patients who cleared completely upon removal of famotidine. The pharmacokinetics of famotidine are reviewed, with no change in its metabolism in the elderly population seen.
*   **Impact:** Famotidine is a histamine h2-receptor antagonist that can cause delirium. It's used to prevent stress ulcers and is showing increasing popularity because of its low cost. While all of the currently available h2-receptor antagonists have shown the propensity to cause delirium, only two previously reported cases have been associated with famotidine. The authors report on six cases of famotidine-associated delirium in hospitalized patients who cleared completely upon removal of famotidine.
*   **Classification:** Yes

**Item 2: Chemical: famotidine | Disease: ulcers**

*   **Event:** Famotidine is a histamine h2-receptor antagonist used in inpatient settings for prevention of stress ulcers and is showing increasing popularity because of its low cost. Although all of the currently available h2-receptor antagonists have shown the propensity to cause delirium, only two previously reported cases have been associated with famotidine. The authors report on six cases of famotidine-associated delirium in hospitalized patients who cleared completely upon removal of famotidine. The pharmacokinetics of famotidine are reviewed, with no change in its metabolism in the elderly population seen.
*   **Impact:** Famotidine is a histamine h2-receptor antagonist that can cause ulcers. It's used to prevent stress ulcers and is showing increasing popularity because of its low cost. While all of the currently available h2-receptor antagonists have shown the propensity to cause delirium, only two previously reported cases have been associated with famotidine. The authors report on six cases of famotidine-associated delirium in hospitalized patients who cleared completely upon removal of famotidine.
*   **Classification:** No"
0,8701013,gemma3:270m,5 + 12,famotidine,delirium,cid,Parse_Error,"Okay, I'm ready to rephrase and expand the text to be more explicit and unambiguous. Please provide the text you want me to work with.
"
1,8701013,gemma3:270m,5 + 12,famotidine,ulcers,none,Parse_Error,"Okay, I'm ready to rephrase and expand the text to be more explicit and unambiguous. Please provide the text you want me to work with.
"
0,8701013,gemma3:270m,5 + 7,famotidine,delirium,cid,Parse_Error,"Item 1: Chemical: famotidine | Disease: delirium
Item 2: No
"
1,8701013,gemma3:270m,5 + 7,famotidine,ulcers,none,No,"Item 1: Chemical: famotidine | Disease: delirium
Item 2: No
"
0,8701013,gemma3:270m,6,famotidine,delirium,cid,Yes,"Item 1: Yes
"
1,8701013,gemma3:270m,6,famotidine,ulcers,none,Parse_Error,"Item 1: Yes
"
0,8701013,gemma3:270m,6 + 08,famotidine,delirium,cid,Parse_Error,"Item 1: Chemical: famotidine | Disease: delirium
Item 2: No
"
1,8701013,gemma3:270m,6 + 08,famotidine,ulcers,none,No,"Item 1: Chemical: famotidine | Disease: delirium
Item 2: No
"
0,8701013,gemma3:270m,6 + 09,famotidine,delirium,cid,Yes,"Item 1: Yes
Item 2: No
"
1,8701013,gemma3:270m,6 + 09,famotidine,ulcers,none,No,"Item 1: Yes
Item 2: No
"
0,8701013,gemma3:270m,6 + 10,famotidine,delirium,cid,Parse_Error,"Item 1: Chemical: famotidine | Disease: delirium
Item 2: Chemical: famotidine | Disease: ulcers
"
1,8701013,gemma3:270m,6 + 10,famotidine,ulcers,none,Parse_Error,"Item 1: Chemical: famotidine | Disease: delirium
Item 2: Chemical: famotidine | Disease: ulcers
"
0,8701013,gemma3:270m,6 + 11,famotidine,delirium,cid,Parse_Error,"Okay, I understand the task. Here's my rewritten version of the text, following your instructions:

**Title: Famotidine-Associated Delirium. A series of six cases.**

**Abstract:** Famotidine is a histamine h2-receptor antagonist used in inpatient settings for prevention of stress ulcers and is showing increasing popularity because of its low cost. Although all currently available h2-receptor antagonists have shown the propensity to cause delirium, only two previously reported cases have been associated with famotidine. The authors report on six cases of famotidine-associated delirium in hospitalized patients who cleared completely upon removal of famotidine. The pharmacokinetics of famotidine are reviewed, with no change in its metabolism in the elderly population seen. The implications of using famotidine in elderly persons are discussed.

**Task:** Determine if the Chemical induces the Disease for the following items based strictly on the text.
"
1,8701013,gemma3:270m,6 + 11,famotidine,ulcers,none,Parse_Error,"Okay, I understand the task. Here's my rewritten version of the text, following your instructions:

**Title: Famotidine-Associated Delirium. A series of six cases.**

**Abstract:** Famotidine is a histamine h2-receptor antagonist used in inpatient settings for prevention of stress ulcers and is showing increasing popularity because of its low cost. Although all currently available h2-receptor antagonists have shown the propensity to cause delirium, only two previously reported cases have been associated with famotidine. The authors report on six cases of famotidine-associated delirium in hospitalized patients who cleared completely upon removal of famotidine. The pharmacokinetics of famotidine are reviewed, with no change in its metabolism in the elderly population seen. The implications of using famotidine in elderly persons are discussed.

**Task:** Determine if the Chemical induces the Disease for the following items based strictly on the text.
"
0,8701013,gemma3:270m,6 + 12,famotidine,delirium,cid,Parse_Error,"Okay, I'm ready to rephrase and expand the text to be more explicit and unambiguous. Please provide the text you want me to revise. I will then analyze it based on the provided guidelines and output rules.
"
1,8701013,gemma3:270m,6 + 12,famotidine,ulcers,none,Parse_Error,"Okay, I'm ready to rephrase and expand the text to be more explicit and unambiguous. Please provide the text you want me to revise. I will then analyze it based on the provided guidelines and output rules.
"
0,8701013,gemma3:270m,6 + 7,famotidine,delirium,cid,Parse_Error,"Item 1: Chemical: famotidine | Disease: delirium
Item 2: No
"
1,8701013,gemma3:270m,6 + 7,famotidine,ulcers,none,No,"Item 1: Chemical: famotidine | Disease: delirium
Item 2: No
"
0,8701013,gemma3:270m,7,famotidine,delirium,cid,Parse_Error,"Item 1: Chemical: famotidine | Disease: delirium
Item 2: No
"
1,8701013,gemma3:270m,7,famotidine,ulcers,none,No,"Item 1: Chemical: famotidine | Disease: delirium
Item 2: No
"
0,8701013,gemma3:270m,7 + 10,famotidine,delirium,cid,Parse_Error,"Okay, I understand the task. Here's a refined version of the question, focusing on objective clinical facts, experimental data, and statistical evidence, while adhering to the specified format and avoiding any subjective opinions or market popularity considerations:

Title: Famotidine-Associated Delirium. A Series of Six Cases.
Abstract: Famotidine is a histamine h2-receptor antagonist used in inpatient settings for prevention of stress ulcers and is showing increasing popularity because of its low cost. Although all currently available h2-receptor antagonists have shown the propensity to cause delirium, only two previously reported cases have been associated with famotidine. The authors report on six cases of famotidine-associated delirium in hospitalized patients who cleared completely upon removal of famotidine. The pharmacokinetics of famotidine are reviewed, with no change in its metabolism in the elderly population seen. The implications of using famotidine in elderly persons are discussed.
Task: Determine if the Chemical induces the Disease for the following items based strictly on the text.
Items to analyze:
Item 1: Chemical: famotidine | Disease: delirium
Item 2: Chemical: famotidine | Disease: ulcers
"
1,8701013,gemma3:270m,7 + 10,famotidine,ulcers,none,Parse_Error,"Okay, I understand the task. Here's a refined version of the question, focusing on objective clinical facts, experimental data, and statistical evidence, while adhering to the specified format and avoiding any subjective opinions or market popularity considerations:

Title: Famotidine-Associated Delirium. A Series of Six Cases.
Abstract: Famotidine is a histamine h2-receptor antagonist used in inpatient settings for prevention of stress ulcers and is showing increasing popularity because of its low cost. Although all currently available h2-receptor antagonists have shown the propensity to cause delirium, only two previously reported cases have been associated with famotidine. The authors report on six cases of famotidine-associated delirium in hospitalized patients who cleared completely upon removal of famotidine. The pharmacokinetics of famotidine are reviewed, with no change in its metabolism in the elderly population seen. The implications of using famotidine in elderly persons are discussed.
Task: Determine if the Chemical induces the Disease for the following items based strictly on the text.
Items to analyze:
Item 1: Chemical: famotidine | Disease: delirium
Item 2: Chemical: famotidine | Disease: ulcers
"
0,8701013,gemma3:270m,7 + 11,famotidine,delirium,cid,Parse_Error,"Item 1: Chemical: famotidine | Disease: delirium
Item 2: Chemical: famotidine | Disease: ulcers
"
1,8701013,gemma3:270m,7 + 11,famotidine,ulcers,none,Parse_Error,"Item 1: Chemical: famotidine | Disease: delirium
Item 2: Chemical: famotidine | Disease: ulcers
"
0,8701013,gemma3:270m,7 + 12,famotidine,delirium,cid,Yes,"Okay, I understand the task. Here's the text and my analysis based on the provided rules:

**Text:** ""Famotidine-associated delirium. a series of six cases.""

**Analysis:**

*   **Objective:** The text describes a series of six cases of famotidine-associated delirium in hospitalized patients who cleared completely upon removal of famotidine.
*   **Non-Personal:** The information is presented in a straightforward and clear manner, without any subjective opinions, market popularity, cost considerations, or irrelevant background information.
*   **Task:** The task involves determining if the Chemical induces the Disease for the following items based strictly on the text.

**Expected Output Example:**

Item 1: Yes
Item 2: No"
1,8701013,gemma3:270m,7 + 12,famotidine,ulcers,none,No,"Okay, I understand the task. Here's the text and my analysis based on the provided rules:

**Text:** ""Famotidine-associated delirium. a series of six cases.""

**Analysis:**

*   **Objective:** The text describes a series of six cases of famotidine-associated delirium in hospitalized patients who cleared completely upon removal of famotidine.
*   **Non-Personal:** The information is presented in a straightforward and clear manner, without any subjective opinions, market popularity, cost considerations, or irrelevant background information.
*   **Task:** The task involves determining if the Chemical induces the Disease for the following items based strictly on the text.

**Expected Output Example:**

Item 1: Yes
Item 2: No"
